speaker,utterance
M2,hhh hhh hhh hhh→
M1,what:t they didn't say tha:t in the⌈: (.) thi::ng⌉ [!]
M2,⌊that was weir⌋:d hhh [!] hhh ⌈ hhh hhh hhh ⌉→
M1,⌊publically⌋ distribu⌈ted⌉ [!]
M2,⌊ hhh that hhh ⌋ hhh was hhh wei:::rd [!]
M1,I didn't read tha:t [!]
M2,+≈ ∙hhh⌈hh⌉ .
M1,⌊∙hhh⌋ ⌈well the [UNINTELLIGIBLE] was⌉ +/.
M2,⌊oka:y well let's not⌋ talk about terrorism hhh hhh [!]
M1,+≈ no:::→
M2,⌊ hhh hhh ⌋→
M1,"+"" o::h you know:: if you're going to get pregnant, you have to"
M2,"hhh hh ⌊hhh⌋ hhh hhh hhh hhh hhh hhh hhh hhh hhh hhh hhh ∙hhh, hh"
M1,+≈ °that's not ⁎good⁎°→
M2,hhh hhh ⌈ hhh hhh ⌉→
M1,⌊ did you⌋ see u:::m-
M2,⌊no⌋:: no:→
M1,∙hhh they had this: little sce:ne where the gu::ys::→
M2,+≈ uh huh→
M1,+≈ ∙hhh and then you see this sce:ne in Wa:shington→
M2,⌈ [NOISE] ⌉→
M1,⌊deet deet deet deet deet deet⌉→ hhh voi:ce i:den:ti:fie::d [!]
M2,⌈ hhh hhh hhh hhh ⌉
M1,"⌊voi:ce, num:ber: blah⌋ blo: blo: bla⌈::h⌉"
M2,⌊ hhh ⌋ hhh hhh → ⌈∙hhh⌉→
M1,°you kno:w ⌊so it's⌋°the n+s+a:°listening in° ⌈t ⌉
M2,⌊ hhh ⌋ hhh hhh hhh hhh → (0.4) hhh hhh →
M1,oh he was an n+s+a: guy:↗
M2,"+≈ h:e, well he used to work for them yea:h → ⌈∙hhh (.) ∙hhh⌉→"
M1,⌊what happened to⌋ Linda Lee:↗
M2,∙hhh a:h she just le:f:t [!] she le:ft u:::m:°ph°→ (0.7) ju::st u::m I guess back in Ma::y→
M1,yea:h ↗ so she did her two: yea:rs (then) she left↗
M2,well ⁎she left a little⁎ prematur:ely: hhh even hhh hhh hhh →
M1,+≈ ah hah ↗
M2,+≈ hhh hhh hhh she wa(s) hhh → she ended up not being too: ha:ppy with her hhh advisor hhh→ ⌈ hhh hhh hhh ⌉ hhh hhh hhh [!]
M1,⌊I: ⌋ see:→ ⌈what a surpri:se⌉ →
M2,⌊∙hhh⌋ u:m no:: she got ma:rrie:d (.)→ u:::m (.) a::nd→ ∙hhh they got married in Mar:ch:→
M1,+≈ ah hah↗
M2,+≈ ⁎so she was sort of⁎eager to li:ke→ (0.7) like lea::ve and (0.3)→
M1,yea:⌈h⌉ ↗
M2,⌊ hhh and⌋ move in with her husband hhh [!] ∙hhh hhh u::m-
M1,+≈ I: ⌈knew well I guess⌉ her husband was not from Pittsburgh→
M2,⌊and a:lso she just⌋ +/.
M1,+≈ right↗
M2,+≈ no: no: [!] ⌈it's⌉ the sa [/] it's the sa:me guy: that-
M1,⌊no⌋ ↗
M2,+≈ she:[/] sh:e: m- °∙hhh°actually met him:→ ∙hhh right at the end of gra:duate schoo:l→
M1,+≈ o:h bo:y [!]
M2,a:nd u::h- (1.) a:nd u::h u::m- (1.) somebody's at the door now→ (1.3) Hi [!] 0 [% static 2s] → U::m→ 0 [% static 1.2s] → it's actually [/] they're (our) [CLICK⁎CURRENT] upstairs neighbor ∙hhh u::m [STATIC→] ◉yes◉ so she: [/] she [/] she⁎met him right before one⁎[/] [STATIC]
M1,+≈ ah ha:h↗
M2,+≈ so she just [/] ⁎like at the en:d of gra:duate schoo::l⁎→
M1,+≈ and they ⌈didn't break up⌉ ↗
M2,⌊they'd only been known⌋ each other like for like a couple of ⁎like two: mon:ths or something like that⁎ . ⁎and no: they didn't ⌈break up⌉⁎ [!]
M1,⌊oh my g⌋o::d [!]
M2,⁎and they continued as a lo::ng distance relationship for the whole
M1,hhh⌈hh⌉ [!]
M2,⌊hhh⌋→
M1,wo::w: [!] (0.5) that's something [!]
M2,[BREATHES→] so: u:m: yeah:h [!] ⁎so then they got⁎- (0.5) they got ma:rrie:d↗ ∙hhh a::nd she also sai:d [/] that [/] ⁎she was no:t at a:ll happy
M1,⌈yea:h well⌉ →
M2,"⌊ hhh hhh ∙hhh⌋⁎she ◉started talking◉ about⁎thing:s that [/] that (0.5) r:ang:: a be:ll: li:ke- ∙hhh every wee:k before going to the meeting:: with her::- ∙hhh she'd be: really sca::red and- ⁎every time she'd⁎te:ll her: tha:t [/] her advi:sor would tell her: ∙hhh like [/] (0.6) do: it, ⁎and then come back to the meeting next her:: advi::sor:: [UNINTELLIGIBLE]- ∙hhh who:: I: still won't na:me in case this is: u:h being taped→ hhh for hhh ⌈ hhh ⌉"
M1,⌊hhh⌋ hhh ⌈ hhh°hhh hhh hhh°⌉→
M2,⌊ hhh psycholinguistics⌋ research hhh hhh hhh [!] ∙hhh hhh hhh →
M1,hhh ⌈hhhn⌉ [!]
M2,⌊∙hhh⌋ hhh hhh um but [/] hhh hhh→ ⌈[UNINTELLIGIBLE]⌉-
M1,⌊tha:t may⌋ be publically di⌈strib⌉-
M2,⌊ hhh ⌋ hhh hhh hhh hhh→ ∙hhh wou:ld u::h- (0.5) forget what she'd a:sked her to do:: the previous wee::k an:d you know::- ∙hhh ⌈the: [/] and it would [/] everything was:⌉-
M1,⌊yea:hand then if the::y [/] hhh why: didn't you⌋ do: thi::s hhh ↗
M2,yea::h [/] everything: was a:lways li:k:e [/] h:arshly critical::
M1,+≈ yea:h →
M2,(0.3) °an::d°⌈so: o:n so she was not very happy⌉ →
M1,⌊and it [/] (0.2) and it [/] everything [/] other thing:s (is) ∙hhh well⁎what do you⁎think↗ I mea:n is this be:tter: or is this better [!]
M2,⌈∙hhh⌉→
M1,⌊∙hhh⌋ we::ll why don't you consider all the po:ssibilitie:s and
M2,⌊ hhh hhh hhh hhh hhh hhh hhh hhh hhh ⌋
M1,⌊and then you wri:te the repo⌋⌈::rt and⌉-
M2,⌊ hhh [UNINTELLIGIBLE]⌋ hhh ⌈ hhh ⌉→
M1,⌊she⌋ say::s- ∙hhh hhh ◉we:ll◉ you kno:w⁎in the report you said this was be:tter:
M2,+≈ hhh hhh→
M1,+≈ and it's like hhh well the who:le poi::nt of this ⌈who::le⌉ hhh
M2,⌊ hhh hhh hhh hhh ⌋ . hhh hhh ⌈ hhh hhh hhh hhh ⌉→
M1,⌊was to do what⌋ you: thou::ght hhh [!] 0 [% smiling voice] .
M2,+≈ hhh hhh ⌈ hhh hhh ⌉→
M1,⌊ hhh oh⌋ I: al:ready knew what I: thou:ght hhh [!] hhh so ⌈why did I have to write this ou::t⌉ hhh ↗
M2,⌊ hhh hhh hhh hhh hhh ⌋ . ∙hhh hhh hhh hhh→
M1,"+≈ °you know, yea:h°→"
M2,+≈ ∙hhh→
M1,+≈ ⁎so you want to hear what my jo::b i:s⁎↗
M2,+≈ ye::s I do:: desperately (0.2) hhh ⌉
M1,oka:y I have a six month co:ntra::ct-
M2,+≈ ah ha:h↗
M1,like [/] I went to this:h pla:c:e and I: said hhh okay: I wa:nt a: this is li:ke at Be:ll Co:rp basical⌈ly⌉→
M2,⌊yea⌋:h→ ⌈yeah⌉ →
M1,⌊∙hhh⌋ and I said you know hhh I want to do hhh HTI → kno:wing (.) fu:ll we:ll that I had no idea what HTI: was→
M2,+≈ hhh hhh hhh→
M1,so: they [/] they pegged me as a: u::h- ∙hhh a:s a: u::h an h+t+i::: (0.2) interfa:ce desi:gner:→
M2,yea::h ↗
M1,"you kno:w, so I [/] I was thinking like [/] h: plus t plus i::→ included li:ke [/] you know- ∙hhh prototy:pe te:s:ting where you go out and you te::⌈st⌉-"
M2,⌊su:re⌋ yea⌈::h⌉ →
M1,⌊like⌋- ∙hhh you kno:w assessing: u:ser: nee::ds where you:- you collect a lot of sur::vey: informa:tion→ and you ⌈anal⌉y:ze it with SPSS or whatev(er) ⌈fh⌉→
M2,⌊ri::ght⌋                             ⌊yea⌋h: [!]
M1,+≈ ∙hh⌈hh no:: n⌉o:: no:: no::→
M2,⌊⁎there's a [/] there's a leash⁎⌋ [!]
M1,⌈no::⌉ [!]
M2,⌊no ⌋ no: ⌈no:::⌉ [!]
M1,⌊in:ter⌋fa::ce desi::::gn [!]
M2,o⌈ka:::y ⌉ ↗
M1,⌊the gu::y⌋ who desi:gns the interfa:c:e→ and now I'm wor:king: [/] in a [/] grou::p- ⌈∙hhh⌉ the:re's li:ke [/] ye[/] half a dozen peopl:e→
M2,⌊uh huh⌋→
M1,+≈ ∙hhh and the::re's: [/] the:re are two gu::ys:→ ∙hhh who do::[/] who go: ou:t and asse:ss::→ (0.5) you kno:w what (0.2) what it is that the users wa::nt→
M2,+≈ ri::ght →
M1,and the:y do:- ∙hhh one of the things they do: is the:y sho:w the video::↗ ∙hhh u:h to the <people> [?] and they had the- ∙hhh you know the thing that the republica:ns u::se↗
M2,+≈ ah hah→
M1,+≈ you know when Rea:gan says something stupid peopl:e turn it to
M2,"⌊ri:ght, yea:h yea:h⌋ that little ⌈kno:b, yea:h⌉ [!]"
M1,"⌊and so the:y⌋ yea:h, and so the:y cut ou:t all the disappro:ved"
M2,yea::h →
M1,◉well that's◉ what they u:se →
M2,(0.4) wo::w [!]
M1,+≈ they use tha::t →
M2,⁎who [/] who⁎[/] who are they: [/] doing the software for →
M1,(0.7) are doing the so:ft [/] uh uh [/] a:: Be:ll Nor:thern
M2,uh huh→
M1,which i:s: a c[/] the c[/] mai:n competitor to a_t_t: for:
M2,o:kay→
M1,+≈ °stuff:°→
M2,+≈ okay →
M1,and they also: desi:gn telepho::nes becau:se you kno::w→ ∙hhh what they do: is the:y ma:ke people buy telepho::nes:- ∙hhh tha:t u::h [/] you need all this e:xtra:°b°[/] u:h
M2,⌈m hm⌉→
M1,"+≈ ∙hh⌊hh (know)⌋ the people buy the telepho::nes, so then they- ∙hhh telephone company says hhh ◉oh:◉ we:ll: we have to buy all"
M2,⌊hh⌋→
M1,+≈ process the ba::nd⌈wi::dth⌉ hhh [!]
M2,⌊hh hhh ⌋ hhh hhh hhh hhh→
M1,so they have to buy mo:re switche::s and that's where they ma:ke
M2,"ri::ght, ⌈(right)→"
M1,⌊they have a really cool telepho:ne that's coming ou:t no::w→
M2,∙hhh it's got a littl:e l: c_d scree:n o:n it↗ +≈ m hm↗
M1,+≈ a:nd you can:: [/] your: [/] you can do [/] the:y [/] it's (0.2) you know they have it [/] (0.2) people have it in the
M2,m hm→
M1,+≈ ha:s an l+c+d: scree::n→ ∙hhh it's abou:t li:ke u:h ei:ght↗ u:h ro::ws: by:: six:tee:n colum:ns or twenty four colum:ns↗ or so:me⌈thing:⌉↗
M2,⌊that's⌋ not ba:d [!]
M1,"a::nd u:h you: can: u:::h: you: can li:ke (.) m[/] (.) wri:te and it'll sa:y whe:n they ca::lled→ and then ⁎they⁎ [/] it can leave, they can leave a little ∙hhh you know (where) you can hea:r the voi:ce mai::l a:nd- ∙hhh ⌈it can⌉ do: uh telepho:ne ba:nki::ng→"
M2,⌊(wow)⌋ [!]
M1,"+≈ and all s:orts uh [/] order mo:vie:s, whatever you want [!]"
M2,m hm:↗
M1,"+≈ ∙hhh hhh so: that's their ne:w thi:ng, that they're coming ou:t ∙hhh make people buy mo:re switche:s→"
M2,yea:h hhh ⌈ hhh hhh hhh ∙hhh hhh⌉ hhh hhh [!]
M1,⌊°∙hh hh ∙hh°⌋→ tha:t's one of the thing:s they ha:- and they a:lso ha:ve thi:s- [NOISE] ∙hhh you kno:w the Pe:nnsylva:nia thi:ng [!] this is University of Pennsylvania (.)→
M2,wha⌈:t ⌉ ↗
M1,⌊Uni⌋ver:sity of Pennsylva:nia [/] this pho:ne stu:ff:↗ (0.3) thi:s phone recording:↗ ∙hhh→
M2,+≈ o:h yea:h [!] yea:h→
M1,+≈ the:y're the gu::ys:→ (0.2) a:nd it's uh W:illia:m La:bo::v → (0.2) if you: might be fa⌈milia:r with him⌉ .
M2,⌊o:h sur:e⌋ [!]
M1,+≈ yea:h→
M2,+≈ yea:h →
M1,"h:e::'s the o::ne- ∙hhh who:: wo:rked wi:th the:::m, the gu:ys in montrea:l (.) for and some other gu::ys→ a:nd [UNINTELLIGIBLE] in Quebec City I thin:k [STATIC] →"
M2,+≈ ah hah ↗
M1,"to deve:lo:p→ [STATIC] (0.2) s[/] [UNINTELLIGIBLE] u:::h, u::h, to u:ser in [/] u::m→ (0.6) °no:°→ ∙hhh spea:ker: indepe:nden:t→ (0.4) s:peech recognition: so:ftwa:re (.)→"
M2,wo::w →
M1,a:nd it [/] so I thi:nk that thi:s::[/] thi:s:: . ∙hhh stu:ff that they're reco:rding no:w is pro:bably:→ (0.4) ∙hhh for tha:t pro:gra:m that they're wor:king with this
M2,"⌊ri:ght, ri:ght⌋ (0.4) ."
M1,(it)'s probably a continuatio:n of tha:t→
M2,+≈ is Labo:v the sa:me guy that did the: (.) cu:⌈ps⌉-
M1,⌊yea⌋:h [!]
M2,+≈ thi::s: to:: ⌈the sau⌉:cers:→
M1,⌋               ⌊ye:°s:°→
M2,+≈ or hhh was(n't) hhh hhh it wa⌈:s it⌉ (.) cu:ps to gla:sses: or
M1,⌊yea:h⌋ →
M2,∙hh⌈h⌉→
M1,⌊ye⌋a:h → (0.3) that's him → he's: a lingui:st [!]
M2,yea::h [!]
M1,+≈ he only did tha::t- (1.1) you know from a li:nguistic point of ⌈view⌉→
M2,"⌊yea⌋:h→ and that was a lo:ng time ago, ⌈too:⌉→"
M1,"⌊ye⌋a:h, that°was nineteen°seventy three:→"
M2,yea::h→
M1,+≈ ∙hhhh a::nd u::h°h:s:°so I thi:nk that they:'re con:tinuing ∙hhh you ca:ll u:p hh→ ∙hhh a::nd u::h it gives you: the sto:ck mar:ke:t repo:rt→ ∙hhh an:d [/] the:y [/] it a:sks: you: hhh wha:t com:pany do you hea:r the: sto:ck mar:ket repo:rt fo:r: hhh →
M2,tsh oh⁎so it's got a⁎fi:nite num:ber of thi:ngs it's gotta
M1,⌊yea:⌋h abou:t u:⌈::h⌉ (.) six: thou:san:d or→
M2,⌊yea::h⌋ →
M1,⌈some⌉-
M2,⌊ye⌋a::h (0.2) yea:h→
M1,"+≈ ∙hhh a:nd u::h you: say: hhh I wa:nt a: s:to:ck mar:ket repor:t ∙hhh and it sa:ys [/] hhh Tex:aco:: u:p blah bla:h bla::h hhh→ and it O:R it a:sks you what excha:::nge→ an:d you kno:w, what do you want to hea::r→"
M2,+≈ yea::h→
M1,+≈ ∙hhh so it's go:t [/] li:ke si:x thou:sand com:panie::s
M2,⌊yea::h⌋ →
M1,"(1.) 0 [% very faint breathing on M1's side] . ∙hhh°ss°so that's pretty coo:l [!] (1.) 0 [% breathing on both sides] . ts ∙hh a:n:d u:::h- ∙hhh so that's the kind of stuff that they do:→ (0.7) and but my: jo::b, hh hhh this is hhh my: hhh jo:b hhh → ∙hhh I have to ma:ke a Ma:cromi:nd Director mo:vie:→ (0.2) that's my jo:b→"
M2,oh hhh hhh hhh really hhh [!]
M1,+≈ ye:p→
M2,+≈ ∙hhh wo::w hhh hh hhh hhh hhh ∙hhh hhh hhh [!]
M1,[UNINTELLIGIBLE][/] so it constitutes my: who:le jo::b →
M2,∙hhh so what is it a mo:vie o:f↗ is: it a mo⌈vie of [/] like the interface in <action:> [?] ⌉ or: +/.
M1,⌊well I ca:n't te:ll you that's a se:cret⌋ →
M2,+≈ ∙hhh o:h hhh hhh hhh ⌈hhh⌉→
M1,⌊bu:t y⌋ou know I'm going to have to put Quickti:me stu:ff in
M2,⌊yea⌋::h→
M1,+≈ ∙hhh a::nd u::h they wa:nt to (.) pu[/] tu::h°hh s: sp°eech
M2,+≈ ri:::ght→
M1,+≈ so that they can do speech recognition→ so [UNINTELLIGIBLE] i: [/] [UNINTELLIGIBLE] so it's going to ha:ve→ ∙hhh and it's going to be: in [/] tou:ch scree:::n→
M2,⌈m:⌉ [!]
M1,⌊so⌋ the fir:st thing ⁎[UNINTELLIGIBLE]⁎do tou:ch scree::n →
M2,m:: [!]
M1,"◉so I have◉ to desi::gn→ (0.5) the interfa:c:e kind of like a pro:blem spa:c:e, you ⌈kno:w⌉"
M2,⌊ri::ght⌋→
M1,whe::re every ti:me they push a bu:tton is an o::perator:→
M2,ri::ght→
M1,+≈ cha:nge:s them to different s:tate of the pro:blem spa:c:e →
M2,"ri:ght yu:p, ↗"
M1,(1.2) 0 [% M1 breathing out and in] . a::nd so: I have to [/] do[/] do a ta:sk analysis ba:sically o:f (0.2) you kno:w the little de:⌈mo: that I:'m going to set u:p⌉ .
M2,⌊ [STATIC] →
M1,it's ◉kind of◉ a de:mo→ °it's no:t really necessarily a working thing°→
M2,yea::h ⌈°you know°⌉-
M1,"⌊I: sti:ll ⌋ ha:ve to look at all [/] the whole pro:blem spa:c:e→ ∙hhh and a:ctually:, thi:s i:s wei::rd→ ∙hhh yea:h I was ta:lking to: a gu::y at- (0.2) and ⁎h⁎[/] I go: to the lo:cal: u::h→ (1.1) u:::h→ ∙hhh <chi:: meeting:s> [= best guess] computer human interaction"
M2,⌊ye:ah⌋ [!]
M1,a ⌈[UNINTELLIGIBLE]⌉ &~t t_m↗
M2,⌊ri:ght⌋ → (0.3) yea:h [!]
M1,"+≈ ∙hhh a::nd u::h [/] (0.3) I was talking to a gu:y who does (0.3) re:sear:ch at (.) u:h o:ne of the univer:sities: he:re→ ∙hhh and I said→ +"" ∙hhh (0.7) and he was talking about [/] this machi:ne that's ∙hhh a [/] a [/] (.) a so:ftware pro:gra:m that's really doi:ng ∙hhh really goo:d [/] for doing fi:ni:te sta:te mo:delling→"
M2,∙hh⌈h hhh hhh⌉ [!]
M1,⌊and [/] he say⌋:s +/. ∙hhh hhh well you kno:w we use tha:t [/] fo:r: u::h hhh → (0.6) you kno:w hhh for human: computer: intera:ction desi:gning: +≈ ∙hhh you kno:w hhh rs for mo:dels tha:t [/] that can u:se a (0.2) you kno:w that can be descri:bed <in a fi:ni:te> [//] ⌈by a⌉
M2,⌊ [STATIC] ⌋ . ⌈ [STATIC] ⌉→
M1,⌊and I⌋'m thinki:ng→ ∙hhh finite state ◉machine◉ isn't [UNINTELLIGIBLE] li:ke the:- ∙hhh a proble:m spa:c:e↗
M2,+≈ yea::⌈h:⌉ [!]
M1,⌊⁎so⌋ I⁎come u:p and I a:sk him:→
M2,[NOISE] →
M1,⁎you knowbut he sa:ys and ⌈he's⌉⁎-
M2,⌊ [STATIC⌋] →
M1,+≈ ◉go:ing o:n and o:n you kno:w◉ (.)
M2,⌈ [NOISE] ⌉→
M1,"⌊∙hhh what a:ll my: studen:ts [UNINTELLIGIBLE] my psycho:logist⌋ . you kno:w hhh studen:ts hhh cause he: teaches psycho:logy→ ∙hhh hhh they don't know anything about thi:s, and they ca:n't u:se ∙hhh you kno:w there's no wa:y they'd understa:nd this [!] and I'm thinking hhh °wai:t°→ isn't this [UNINTELLIGIBLE] problem ⌈spa:ce⌉ hhh ↗"
M2,⌊hh h⌋ +. ⌈hh hhh hhh hhh ⌉ ⌈ hhh ⌉→
M1,"⌊∙hhhh⌋ ⁎so       ⌊I⌋ go up, ⌈and I a:sk him⌉ a:fter:⁎↗"
M2,⌊∙hhh hhh hhh hhh ⌋→
M1,+≈ hhh is:n:'t thi:s ju:st pro:blem spa:ce hhh s:tu:ff:↗ ∙hhh and he said hhh yea::h hhh ↗ ∙hhh and I said hhh we:ll: [/] hhh (0.2) you: kno:w hhh so why: [UNINTELLIGIBLE] wha:t's the pro:blem then↗ don't ⌈they all lear:n⌉ this: ⌈in⌉ cla::ss: hhh ↗
M2,⌊∙hhh hhh hhh hhh ⌋     ⌊∙hhh⌋ hhh hhh hhh hhh→
M1,+≈ ⁎and he said⁎hhh no:: psychologist kno:ws tha::t hhh [!]
M2,+≈ hhh hhh ⌈ hhh hhh hhh ∙hh ∙hh⌉→
M1,⌊[UNINTELLIGIBLE] hhh what are you talk⌋ing about every psycho:logist ⌈[UNINTELLIGIBLE]⌉ [!]
M2,"⌊no:::, maybe on⌋ly at hhh ⌈ hhh hhh hhh ∙hhh hhh hhh hhh ⌉ CMU::"
M1,⌊yea::h hhh yea:h so⌋ [UNINTELLIGIBLE] one of those ⌈ (.) ⌉ CMU things [!]
M2,⌊∙hhh⌋ ⌈∙hhh⌉→
M1,⌊°a:h°⌋ to:tally: [!]
M2,∙hh hhh hhh hhh →
M1,so tha:t's what it you kno:w ba:sically: i:s:→ ∙hhh human computer interaction:→ ∙hhh i:s: [/] they do a ta:sk ana:lysi:s→
M2,+≈ mhm→
M1,(0.6) ts[/] a:nd the:n→ ∙hhh they wri:te dow:n the s:ta:tes:: and the o:perator:s:→ (0.2) on pieces of pa:per:→
M2,mhm→
M1,"∙hhh and then they go: fi:nd someo:ne and the:y say::- ∙hhh you kno:w, (0.2) he:re's the sta::[/] he::re's the o:perator:s (0.3) go: throu:gh the sta:t:e→ ∙hhh and they: [/] f:ind the pla:ces where they have im:pa:s:se:s→ ∙hhh and they fix them→ that's it →"
M2,"(0.3) ri::ght, ↗"
M1,(0.3) °that's about the total of it°→ ∙hh⌈h⌉ .
M2,⌊ri⌋⌈:ght⌉→
M1,"⌊they⌋ don't even do:: they do ta:sk ana:lysis but they do:n't, (0.3) try to figure ou:t ∙hhh what the:: [/] the: [/] you kno:w the: [/] the:: [/] the:::"
M2,+≈ °ri:ght°→
M1,°they°[/] they don't even do that→ ∙hhh⁎so they don't even⁎do tha:t ye:t→ so I'm saying that (.) they were going to ha:v:e°to do that°→
M2,+≈ hh hhh hhh hhh→
M1,°so: you know°as a psycho:logist [UNINTELLIGIBLE] [UNINTELLIGIBLE] if:→ ∙hhh you kno:w I'm building up°my o:wn skill:s° ⌈°by°⌉ .
M2,⌊ri:ght ⌋↗
M1,+≈ °a:°→
M2,+≈ ri:ght→
M1,"∙hhh but that's my jo:b, I play around with Macromin:d Director:"
M2,⌊is it⌋ fu:n ↗
M1,(0.5) ∙hhh we:ll I ha:[/] I only star:ted thi:s wee:k
M2,⌊yea:h⌋ →
M1,"(0.2) the:y [/] they wa:nted me to read some repo:rts::, o:f the:: ∙hhh the fo:cus grou:ps and the subje:cts:⁎you kno:w with the ∙hhh⌈hhh⌉h→"
M2,⌊yea:h⌋→
M1,+≈ a:nd uh wa:tch some video::s:°a:nd [/] a:nd u:::h°→ (0.3) and wri:te do::wn what function:s I'm°gonna: [/] (0.3) I'm
M2,m hm→
M1,°s°so jus:t that the:y would kno:w that [/] (0.3) you know this is ∙hhh bu:t [/] ma:cromind director is complicated [!]
M2,ye::ah that's what I've hear:d [!]
M1,[NOISE] → (0.3) they even ha:ve li:ke a::[/] you know y- (1.3) they even ha:ve stu:ff whe:re you can wri:te C co::de→ (0.6) a:n:d that you can create an o:bje:ct and then ha:ve [/] port (0.8) °an:d uh°u:se tha:t in:si:de Ma:cromind Director:→ so I might have to learn C: plus: plus::→
M2,yu:ck [!]
M1,(0.4) so I to:ld the:m you kno:w I said hhh loo:k hhh [!] (0.2) you know hhh I don't know how to progra:m in C plu:s plu:s hhh so if yo⌈u [STATIC] ha⌉:ve me do tha:t hhh →
M2,⌊yea:h⌋ [!]
M1,+≈ ∙hhh hhh°you°better kno:w that I don't know how to do that
M2,⌊ye⌋a:h yea:h →
M1,°bu:t ⌈u::h⌉ [/] °s:o we'll: see what ha:ppen:s→
M2,⌊ [CLICK] [CLICK] ⌋→
M1,"+≈ the other gu:y's wor:king on a pro:ject that's⁎similar to he has to make a mo:vie: too::↗ ∙hhh but he's ha:ving all pro:blem:s cause he nee:ds to conne:ct to an::d you kno:w [/] he ca:n't get a da:taba:se⁎because he doesn't⁎ . kno::w which da:taba:se it connects too:: [% M2 click] and→ +≈ ∙hhh he can't even get FTP::→ he's not allowed to do FTP:, cause they're a:ll so: secur:ity"
M2,⌊m::::⌋ [!]
M1,they won't give FTP: to ⌈a:: stu:de:n:t⌉→
M2,⌊ [STATIC⌋] → hm::h [!] ⌈ [STATIC⌉] →
M1,"⌊∙hhh you ca:n't te:l⌋ne::t, °an:d u:h°there's all this (.) °bi:g the:y're [/] the:y [/] they don't seem to be: very organi:zed→ [UNINTELLIGIBLE] [/] [UNINTELLIGIBLE] [/] it's li:ke CMU: ba:sically:→"
M2,yeah:eh: [!]
M1,+≈ you kno:w↗
M2,hhh hhh ⌈[UNINTELLIGIBLE]⌉ [!]
M1,⌊it's li:ke⌋- ∙hhh you: and me: wer::e &~i- (0.3) the: [/] the only dif:feren:ce is: that no:body: really
M2,+≈ ri::ght →
M1,"(0.3) you know that's the only difference→ but the re:st is:- ∙hhh you kno:w- ∙hhh we::ll [/] you kno:w there [/] we only ha:ve on:e ma:nual, and ∙hhh⌈hhh you kno:w basic⌉ally tha:t [/] tha:t-"
M2,⌊∙hhh hhh hhh hhh hhh ⌋ →
M1,⌈it's a:ll the⌋ sa:me→
M2,⌊∙hhh hhh hhh hhh ⌋→
M1,+≈ there's nobody you can ca:ll and say you kno:w hhh what progra:m
M2,+≈ yea::h →
M1,°they don't know°→
M2,hhh hhh hhh→ ∙hhh [!]
M1,"+≈ and nobody: ta:lks to each other:, so: you kno::w ∙hhh and they ha:ve this who::le (0.2) interfac:e that sits on to:p (0.5) [STATIC] → that you can u:se to impo:rt u::h- [STATIC] ∙hhh im:por:t o:bje:cts°to it, a:n:d you kno:w they didn't"
M2,[STATIC→]
M1,"(0.4) ∙hhh hm:→ (.) ∙hhh so it's kind of li:ke [/] u:h, ⁎hey did you ever finish⁎your the:si:s ↗"
M2,"(0.5) yea::h, i finish:ed→"
M1,⌈[UNINTELLIGIBLE]⌉→
M2,⌊sor:t o:f⌋→ hhh hhh hhh hhh→
M1,⌈sor:t ⌉ O:f: [!]
M2,"⌊∙hhh⌋ well yeah i finish:ed it, but i ha:v:en't [/] u::m-"
M1,wri:tten it up for publica⌈:⌉-
M2,⌊no⌋: it's writ[/] yea:h it's wri[/] it's wri:tten u:p→ +≈ I: hav:en't ⌈handed in⌉ the actua:l→
M1,⌊o:h⌋ [!]
M2,(0.6) xero:xes: of it to the::- 0 [% static] to the: u::m- (0.4) like [/] public→ (0.6) peo:pl:e (.) you kno:w→
M1,+≈ O::H→
M2,+≈ ∙hh⌈h li:ke ⌉→
M1,⌊but you⌋ di:d ha:nd it in: the:y [/] the:y si:gned all the ri:ght
M2,"⌊yea⌋::h, yea::h →"
M1,o:ka:y→ ∙hhh so:: [/] that mea:ns you don't hav:e to pa:y anymor:e→
M2,"ri:ght, yea:h, I'm all don:e →"
M1,(0.3) that's good →
M2,an::d u::h→ (0.4) yeah I'm a- ∙hhh [STATIC] productive mem:ber: of soci:ety fi:nally I guess→ hhh hhh→
M1,yea::⌈h⌉→
M2,⌊⁎∙hhh⁎⌋ hh hhh hhh hhh → ⌈hh hh ∙hh⌉→
M1,"⌊°yeah, we:ll me⌋: too: starting: this° ⌈wee⌉-"
M2,⌊yea⌋::h grea::t
M1,well I sent my thing in to Ja::y →
M2,ah ha:↗
M1,(0.3) yea:h and he sai:d u::h that he was going to rea:d it →
M2,(0.6) grea:t [!]
M1,+≈ a:nd told me what they cut ou:t →
M2,0 [% static: 8] → yea::h↗
M1,+≈ it's a bit lo:ng: [!]
M2,⌈how⌉ long:↗
M1,⌊[UNINTELLIGIBLE]⌋ [STATIC→]
M2,+≈ holy ma:ckerel [!]
M1,"yea::h → and that's o:nly with three pages of reference:s, cause I: [/] I"
M2,+≈ jee::z⌈:⌉ [!]
M1,⌊I⌋ didn't lo:se them but they were in another ⌈fi:le⌉→
M2,⌊ [STATIC⌋→] yea::h→
M1,"+≈ °good to know°, ∙hhh→"
M2,"yea:h I just saw Sea:n:, Sean Vece:ra:'s [STATIC→] ∙hhh⁎[UNINTELLIGIBLE] defending on Mon:da:y [/] [UNINTELLIGIBLE] his:hh⁎ ."
M1,+≈ ye⌈a:h⌉ ↗
M2,⌊⁎[UNINTELLIGIBLE]⌋ li:ke a hundred and fifty pa:ges: or something like
M1,+≈ tha:t's pretty bi::g: [!]
M2,"+≈ yea:h it looked really goo:d it looked really profess:ional, ⁎∙hhh I figured sh[/] probably already publish⁎[/] mo:st of that→ or: the bo:x to publish:°kind of thing:°→ [STATIC] ⌈[UNINTELLIGIBLE] [UNINTELLIGIBLE] that wa:s [/] it looked⌉→"
M1,⌊yea::h then: [UNINTELLIGIBLE] [STATIC] then he⌋ shouldn:'t of ma:de it look
M2,⌊h⌋hh hhh hhh hhh→
M1,+≈ who ca:r:e⌈s⌉ [!]
M2,⌊ hhh ⌋ hhh hhh hhh hhh hhh ⌈ hhh ⌉→
M1,"⌊well I⌋ guess that depends who's on your committee→ with Ja::y, °you kno:w li:ke[/] [UNINTELLIGIBLE] care(s)°→"
M2,"+≈ yea:h, J:ay's on his committee [!] ∙hhh→"
M1,+≈ yea:h→
M2,+≈ ∙hhh ⌈hh Jo:hn⌉ hhh→
M1,"⌊we::ll, put the⌋ ⌈gla:ss:es commit⌉ [UNINTELLIGIBLE]→"
M2,⌊∙hhh Yea:h:⌋ .
M1,+≈ [UNINTELLIGIBLE] Mar:tha:↗
M2,+≈ Mar:tha: yea:h→
M1,"+≈ °yeah°→ ⌈we:ll, she pro:bably didn't ca:⌉re ei:ther →"
M2,"⌊long: distance ⌋ Mar:tha:→ 0 [% lip smack] a:h yea:h, (I) think he's jus:t (0.3) y kno::w a"
M1,⌈yea::h⌉ .
M2,⌊°he's like [/] ⌋ real:ly (.) workaho:lic ⌈and [UNINTELLIGIBLE]°⌉-
M1,"⌊he got⌋ a jo:b in: u:h Uta:h, ri:ght ↗"
M2,0 [% lip smack] Uta::h [!]
M1,I think so [!]
M2,0 [% lip smack] I can't re⌈member:⌉ [!]
M1,"⌊Ida⌋ho: [!] Uta:h [!] (0.4) yea:h, Uta:h [!] cau:se he:'s ⌈(near)⌉ Idaho:→"
M2,⌊really⌋ ↗ ⌈o:h⌉ →
M1,⌊we:ll⌋⁎you find out°you can ask°⁎→
M2,"+≈ yea:h, I'll fi:nd ou:t →"
M1,∙hhh Cath:y Rei:d to:ld me that he got a jo:b in Uta:h →
M2,[STATIC→]
M1,a:nd did Akira get a jo:bsomepla:ce in: u::h↗
M2,+≈ u:::⌈m:⌉-
M1,⌊Colo⌋ra:do: or-
M2,"+≈ ⁎Colorado, yeah University of Colorado⁎ [!]"
M1,yea:h tha:t's where Cath:y: Rei:d is::→ Uni⌈versity of⌉ Colorado→
M2,⌊that's ri::ght yea::h⌋ [!] that's ri:ght [!]
M1,+≈ she's at University of De:nver → °not the University of Colorado°→
M2,+≈ a:h they're clos:e → ⌈⁎hhh hhh hhh⁎⌉ →
M1,⌊yea:h they're [/] ⌋ they're clo:s:e→
M2,+≈ hhh hhh ∙hhh→
M1,°yeah°→ ∙hhh so: are you: u:h looking for a jo::b↗
M2,"∙hhh no::, I'm gonna stay here for another yea::r [!] ⌈<in the> [?] [UNINTELLIGIBLE]⌉→"
M1,⌊you go:t ⌋ money:↗
M2,∙hh sa:me jo::b→ ∙hhh we:ll we:: go::t [/] ou::r: [/] gra::nt sor:t o:f: hhh ⌈ hhh
M1,⌊o:h ⌋ . ⌈yea:h ⌉→
M2,⌊∙hhh⌋ we just fou:nd ou::t→ an::d we go:t- ∙hhh we got a really grea:t priority sco::re→ we're (0.2) gonna get fun:de:d→ ∙hhh→
M1,+≈ ∙hhh but you don't know how much:→
M2,(0.3) u:h [/] yea:h we'll: [/] we'll probably ge:t- [STATIC⁎WE'LL] probably get as much as they can give u:s:⁎→
M1,+≈ yea::h→
M2,+≈ ⁎cause [UNINTELLIGIBLE] priority score's so hi:gh⁎→
M1,(0.3) yea:h →
M2,"bu:::t, u::::m→"
M1,+≈ until New:t gets a ho:ld of it→
M2,"yea::h ri:ght, that's on:e thing: actually→"
M1,+≈ and-
M2,+≈ and then: the other thing: is tha:t→ ∙hhh becau:s::e (0.2) it (.) wasn't vo:ted on: unti::l a:fter: ∙hhh no:w they're in the nex:t fis:cal: yea::r:→
M1,⌈o:h⌉ →
M2,+≈ ∙hh⌊h a⌋nd they do:n't ha:ve to fun:d us: unti:l:→ (0.5) the following fis:cal yea::r→ +≈ or: you know [/] som:e bur:eaucratic ⌈thing like tha:t⌉→
M1,⌊yea:h yea:h⌋ (I) go:t it →
M2,∙hhh so: instead of getting funded October fiftee:nth↗ ∙hhh⁎we don't have to get funded⁎unti:l::→ ∙hhh a:t [/] the latest nex:t October fif:tee:nth or ⌈something
M1,⌊I: get it⌋ → (0.3) ⌈yea:h⌉→
M2,"⌊∙hh⌋hh so:⌈::, (0.3) an⌉-"
M1,⌊<and payment> [?] they⌋ do:n't ha:ve the appro:priation:s for that
M2,(0.3) ∙hhh yea::h [!]
M1,"⌈the:y, they might not→"
M2,"⌊U:m:, ⁎the:y [/] they've [/] the:y've ba:sically:⁎ . ⁎you know they sort of like⁎[/] sa:ve it all up to the end of the"
M1,⌊yea:h⌋ →
M2,h⌈hhhh⌉h and we're ho:ping it's no:t gonna:-
M1,⌊yea:h⌋ →
M2,+≈ ∙hhh⁎sinc:e [/] since we do have a good priority score we might ⌈∙hhh⌉→
M1,⌊∙hhh⌋ well I hope you didn:'t na:me your propo:sal: you kno:w ⌈∙hhhh th[/] ⌉ the:y-
M2,⌊∙hhh H: hhh h⌋ [!]
M1,the la:st ti:m:e tha:t [/] the:y uh [/] killed a bunch of
M2,aa:h ⌈ hhh h⌉ [!]
M1,⌊the on:e⌋ that [/] that ha:d no: ti:tl:e [!] ∙hhh it go:t kill::ed [!]
M2,+≈ ∙hhh hhh hhh hhh hhh→
M1,+≈ ∙hhh s⌈o:⌉→
M2,⌊ hhh hhh ⌋ hhh→ ∙hhh <⁎y(a) know> [?] we had a na:m:e I can't remember what it ⌈⁎but I'm sure it was impre:ssi:ve⁎⌉ [!]
M1,⌊the impo:rtant thing to have is a good⌋ ti:tl:e lik:e- ∙hhh rea:lly: rea:lly: rea:lly: goo:d crucial re:sear:ch [!]
M2,⌈ah:⌉→
M1,⌊∙hhh that won't⌋ get any Republican:s u:nele:c⌈te:d⌉ [!]
M2,⌊h⌋: hhh hhh ⌈ hhh ⌉ .
M1,⌊tha:t's⌋ what ⌈you should [UNINTELLIGIBLE] call:ed ⌉ i:t:→
M2,⌊hhh⁎∙hhh u:n⌋for:tunately it is have to doing [/] ⁎having to do ∙hhh it's mor:e likely to get cut than:: [/] ⌈than:⌉ u:h→
M1,⌊yea:h⌋ →
M2,+≈ ∙hhh nor:mal: li:ke um:: (0.3) you kno:w→ ∙hhh ho:w pe:opl::e→ ∙hhh shoo:t do:wn miss:il:es:°kin⌈da⌉°→
M1,⌊yea⌋:h→
M2,+≈ hhh hhh→ ⌈∙hhh⌉ .
M1,⌊yea:h⌋→
M2,+≈ hhh Re⌈publican⌉ hhh hhh thing: hhh ⌈ hhh hhh ⌉ hhh hhh ∙hhh
M1,⌊that's ri:ght ⌋              ⌊yea:h⌋ → well: you know another one that they &~c the:y cu:t→ +≈ and this was: the::⁎the⁎gu:y at Byr::d this was from West
M2,⌈a ha⌉→
M1,+≈ ∙hh⌊hh⌋ they really hated on:e that was ca:ll:ed
M2,+≈ hhh ⌈ hhh hhh ∙hhh⌉ hhh hhh [!]
M1,⌊cu:t that one ou:t and⌋→
M2,+≈ hhh hhh hhh hhh°hhh°hhh ⌈ hhh hhh ∙hhh⌉ →
M1,⌊i:t's true: they⌋ did a:ctually tha:t°one°→
M2,+≈ hhh hh hhh hhh →
M1,"an:d, ⌈u:h⌉→"
M2,⌊ hhh hhh ⌋ ∙hhh→
M1,"+≈ °ye:s°→ so all the big guy:s you kno:w, got together hhh o:h no: we don't"
M2,⌊g:h⌋h: ⌈ hhh hhh hhh ⌉→
M1,⌊⁎they don't want (th)em⌋ digging in to our:⁎ [STATIC] clo:se(t)s:
M2,h: hhh hhh hhh (0.3) hhh hhh ∙hh hhh→
M1,∙hhh°totally obvious°→
M2,yea:h→ hh°hh:::°∙hhh→
M1,+≈ ∙hhh so: I: i::h Janice is pregnan:t↗
M2,ye:A::H↗
M1,"+≈ and the ki:d's due on Hallowee::n, ↗"
M2,(0.4) hallowee::n u:h o::h [!]
M1,yea:h- (0.5) ⌈we:ll [/] we're hoping⌉ it's on Ha:llowee:n→
M2,⌊u:h o::h⌋ [!]
M1,+≈ that would be way coo:l→
M2,+≈ hhh hhh hhh hhh →
M1,yea:h we could ⌈name (0.3) it⌉ like→
M2,⌊⁎no: but it⁎⌋-
M1,⌈[UNINTELLIGIBLE] [UNINTELLIGIBLE] or ⌉ something:→
M2,⌊⁎but it wouldn't be that great for the ki:d⁎⌋ caus:e li:ke→ ∙hhh they they (.) ⁎couldn't have a birthday party⁎ . every yea:r the other kids would be going to hhh Halloween: hhh [!] ⌈[LAUGH] ⌉→
M1,⌊yea::h well:: [/] yea:h that's [/] we could do it li:ke⌋ [!] (0.3) the next week⁎but it's⁎no:t as ba::d as li:ke [/] yeah be:ing
M2,"⌊no::, (0.2) no::, (0.8) yea::h⌋→"
M1,or: even clo:se to Chris:tmas: li:ke you kno::w: if you're born on
M2,+≈ ri:ght→
M1,y:ou kno:w that's- (0.4) no:body's going to buy you anoth(er)-
M2,it's a real let: dow::n → (0.3) hhh→
M1,yea:h so Hallowee:n's not ba:d→
M2,+≈ yea::h →
M1,°not bad°→
M2,hh⁎hhh hhh hhh⁎→
M1,°call him Da:mien or something like°-
M2,+≈ hh hhh hhh hhh hh hh ∙hhh [!]
M1,°yea::h°→ (0.3) ∙hhh so: u:::h [/] how's it going in general→ (0.3) you: liking your: <jo::b> [?] or:→
M2,"y::ea:h it's all: ri::ght, u::m:-"
M1,+≈ ⁎getting any publication:s⁎↗
M2,+≈ no::→
M1,no:↗
M2,⁎∙hhh no: it's kind of a:⁎ [/] (0.6) it's kind of a [/] dea:d en:d
M1,+≈ yea::h→
M2,"+≈ if we'd gotten fun:ding: ear:ly:→ (0.3) there was money in it, for me to become like a real po:st"
M1,⌊yea:h (that's) [UNINTELLIGIBLE]⌋ [STATIC] (re)member you sai:d tha:t →
M2,"yea:::h, bu:t (0.2) ⁎until: we get that money I'm still just a ⁎I (guess) I gotta:⁎→"
M1,ri:ght→
M2,"+≈ you kno:w, ru:n:: [/] ru:n the sho::w [!] h⌈h⌉h→"
M1,⌊yea:h⌋ .
M2,"+≈ an:d u::h, (.) ∙hhh⁎i did get, i did actually get o:n::e⁎ (0.3)"
M1,⌊ u::h⌋ [!] yea::h→
M2,∙hhh°[UNINTELLIGIBLE]°→
M1,+≈ °yeah°→
M2,+≈ °yea::h°→ doing: [!]
M1,∙hhh it se⌈e:ms ob⌉vious [!]
M2,⌊yea:h⌋ [!] ⁎I ⌈thought about tha:t⌉⁎ [!]
M1,⌊<you don't> [?] o:nly⌋ apply: to on:e pla:c:e [!]
M2,"+≈ yea::h⁎I thought about that, definitely⁎ [!]"
M1,"+≈ so::, u:::h→ (0.7) you kno:w, making Ma:cromi:nd Director°movies, [UNINTELLIGIBLE]°→ ⌈<i:t's> [?] ⌉ no:t ge:nius: wor:k [!]"
M2,⌊yea::h⌋→ yea::h→
M1,bu:t the:y also:: u::h→ I think on:e of the rea:sons they hi:red me: is becau:se they're ∙hhh about the beha:vioral implica:tion:s of:: [/] li:ke [/] the
M2,⌊ri::ght⌋→
M1,so ⌈they⌉ mi:ght be interes:ted in me: for tho:se rea:sons:→
M2,⌊yea:h⌋→
M1,"∙hhh⁎but I'm really no:t hi:red for that I:'m in:⁎- ∙hhh I'm in: o: k: thir:tee::n→ ∙hhh which is u:ser interfa:ce desi::gn→ (0.5) °that's° [/] (0.7) [FINGER:SNAP] (0.4) right in the:re→ ∙hhh i saw this talk with this: (0.2) lu:natic woman: who (is)→ (0.6) I: you kno:w i gotta con:tracting jo:b, I don't ha:ve like a (0.6) ⌈∙hhh⁎but this⁎lunatic woman who's apply:ing for a permanent"
M2,⌊ [STATIC⌋] → ah ha:h↗
M1,+≈ ⁎this is what she did⁎→ [STATIC] →
M2,(0.3) sh:e: [/] ⁎this is one of the thing:s she di:d⁎ [!] (0.4) and she did thi:s [/] in: (0.4) mo:re than one domai:n→ ∙hhh she went to Eng:la:n::d→ ∙hhh (0.4) becaus:e she couldn't→ (0.2) ⁎she didn't know how to speak Engli:sh: so she wanted to ⁎she:'s Brazilian⁎→ (0.3) ∙hh⌈h⌉ so she goes to England→
M1,⌊ah hah⌋→ +≈ ∙hhh to the: Ma:nches:ter: Adva:nced Technical Research
M2,"(0.6) ah hah, ↗"
M1,"an:d the:y [/] tell: her: hhh we:ll you know you do whatever you cause they had, (0.3) you kno:w [UNINTELLIGIBLE] guess:ing they had the medical"
M2,(0.3) ⌈ah ha:h⌉→
M1,⌊∙hh⌋h so she goe:s to: [/] sh:e goe:s aroun:d to hos:pital:s→ ∙hhh an:d sh:e: w[/] pokes aroun:d the hos:pital:s 'n'stu:ff→
M2,[STATIC→]
M1,+≈ a:n:d u::h sh:e star:ts→ you kno:w⁎one of the things that sh:e doe:s is sh:e: wa:tches: (0.6) h⌈hh⌉ a:n:d u::h→
M2,⌊mhm:⌋↗
M1,"+≈ ∙hhh u::h thi⌈:s wo⌉man she ha:s, °hh°→"
M2,⌊hhh⌋→
M1,"+≈ ∙hhh an er:gonomi:cs ba:ckgrou:n:d, a biomechanics: an ⌈indu:s⌉trial desi::gn ba:ckgrou:n:d an:d a:: [/] production:→"
M2,⌊a ha:h⌋ ↗
M1,+≈ enginee:ring ba:ckgrou:n:d like [/] peopl:e who study→ ∙hhhhh how you produ:c:e [/] goo:ds in manufa:cturing:°and° (0.2) . °and°fix: your: [/] your production techniques→ (0.4) ∙hhh ⌈and she does [/] ⌉ she ha:s like o:ne or two p:h_d::s→
M2,⌊oka:Y⌋ ↗
M1,+≈ I can't re⌈member⌉ →
M2,⌊ [STATIC] ⌋→
M1,"+≈ ∙hhhhhhh so:: [/] sh:e loo:ks at the sur:geon:s:, and the (0.4) an:d this: is really:: wei:r:d, ⁎you'd thin:k it wouldn't be but their: surgical instruments are basically ou:t of the (0.3) and they haven't cha:ng:ed for:: a hundred and fifty year:s:→ (0.5) ∙hhh and so: they:'re u:sing on:e li::ke→ ∙hhh you know on:e of the exa:mples she ha:d that was really→ horrible, it was really:: (0.2) dis:gra:ceful: [UNINTELLIGIBLE] that[/] i:t's ∙hhh i:s a: u:h nee:dle hol:der:⁎and you know they don't⁎- (0.2) they do:n't ho:ld the nee:dles with their ha:n:ds they ho:ld (0.4) h⌈hh⌉ ."
M2,⌊a h:a⌋ ↗
M1,+≈ but the needl:e hol:der: looks: li:ke a: sh:ort scis:sor:→ like the ki:nd of scissor: that you:'d (0.2) cut your nai:l:s ∙hhh so it's got a little short <bla::des> [?] but they're no:t
M2,hhh hhh hhh→
M1,+≈ ∙hh a:n:d i:t's go:t (0.4) on:e han:dl:e's long:er than the
M2,0 [% faint music: TV Is M2 even listening to M1]
M1,+≈ so you figure they put their thu::mb and their fing:er: through (0.5) do tha::t [!] ∙hh⌈h they⌉ do::n't [!]
M2,⌊mhm ⌋ ↗
M1,+≈ they don't put any finger through ei:ther of the ho::les: [!]
M2,⁎what d' they do:⁎ [!]
M1,"(0.5) ∙hhh the:y ta:ke the lo::ng han:dl:e→ (0.5) an:d the:y put (0.2) the:y ja::m their: little fin:ger:→ ∙hhh ri:ght abo:ve the ho:l:e, ri:ght abov:e the loo::p→ ∙hhh an:d the::y→ ∙hhh the:y put their: thu:m:b→ ∙hhh alo:ng:: the sma:ll han:dl:e→ (0.4) ⁎don't put their: thum:b through the ho:le ei:ther:⁎ . ∙hhh then they ta:ke their in:de:x finger: and the:y extend it ∙hhh to whe⌈r:e the s:⌉crew: i:s→"
M2,⌊<(o)kay:> [?] ⌋ ↗
M1,+≈ you kno:w the screw: that hol:ds ⌈<the two: par:ts> [?]
M2,⌊ri::ght⌋ ↗ yea::h ↗
M1,+≈ and they kin:d of li:ke→ ∙hhh gui::de the:: [/] the who:le thing: with their index fing:er ∙hhh⁎and they sort of hold it like a gu:n:⁎ .
M2,⁎oh I see yea:h okay no⌈::t⌉⁎-
M1,⌊(yeah)⌋ [!]
M2,"ye:a:h, ⌈okay⌉ →"
M1,"⌊with:⌋ their inde:x fing:er: s:tuck ou:t, and th[/] that's how ∙hhh bu:t [/] of: cour:se⁎because of the sha:pe of the thing::⁎ . [STATIC] ∙hhh they also: tur:n their: wri::sts: [/] li:ke [/]"
M2,⌈mhm⌉ .
M1,+≈ ∙hh⌊h an⌋:d ben:d their ba::cks: so that their°mm mm° ⌈hea:ds
M2,⌊hhh hhh hhh hhh⌋ [!]
M1,+≈ o:ver the pa:⌈tien:t⌉ .
M2,⌊ hhh ⌋ ⌈ hhh hhh hhh⌉→
M1,⌊∙hhh a⌋:n:d u::h (0.3) ⁎basically the whole po:stur:e's: just
M2,+≈ yea::h→
M1,and eh [/] the [/] their⁎these guys probably get carpel tunnel
M2,⌊ri⌋:ght ye⌈a:h⌉ [!]
M1,⌊horr:Ibl:e⌋ [!] +≈ ∙hhh the:y ha:d pi:ctures of how they were hol:ding them and it
M2,⌊hhh⌋→
M1,+≈ ∙hhhhhh my: go::⌈d:⌉ [!]
M2,⌊∙hhh⌋ hhh hhh hhh→
M1,+≈ ∙hh⁎so anyway she sai:d⁎ (.) I [/] en:[/] a:ll: sur:gical
M2,+≈ really→
M1,yeah→ ∙hhh so:: sh:e [/] (0.5) she [/] ⁎this is what she did⁎she: (0.9) ∙hhh she: ha:d→ ∙hhh fifty six thou::san:d fra:m:es of videota::pe→
M2,+≈ mhm↗
M1,+≈ f:rom tha:t she sele:cted three hundred and forty f:ra:m:es:→
M2,+≈ mhm↗
M1,+≈ ∙hhh u:h that bes:t represen:ted tha:t ga:ve her good sh:o:ts
M2,+≈ mhm→
M1,"+≈ ∙hhh so:: (0.2) then she: di:d, (0.7) for: thir:ty si:x she:: [/] she decided to redesi:gn thirty six in:strumen:ts→ ∙hhh for:: (0.4) generally for surgical instruments she did a ∙hhh so she looked at [/] you know where the surgical instruments and the rea:son they all look like scissors is→ +≈ ∙hhh because they were bar:ber:s, barbers were surgeons:→"
M2,+≈ o:h ri:ght that's: ri⌈:ght⌉ [!]
M1,⌊O:h⌋ →
M2,+≈ ∙hh ye⌈a:h⌉→
M1,⌊they⌋ all look like tha:t→ and ⌈they ha:ve⌉n't cha:ng:ed since eightee:n→ (0.3)
M2,⌊yea::h⌋→
M1,+≈ f:if:⌈ty eigh:t ⌉→
M2,⌊⁎that's incre⌋dible⁎ [!] ⁎I didn't know that⁎ [!]
M1,(0.3) yea:h→ ∙hhh a:⌈n:d⌉→
M2,⌊⁎thought there⌋ was a good rea:son for tha:t⁎ [!] ⌈you know hhh ∙hhh hhh hhh ⌉→
M1,⌊there is no good⁎[UNINTELLIGIBLE] good⁎⌋ rea:son:s: is that people are
M2,⌊yea⌋::h [!]
M1,+≈ tha:t's the reason f[/] nobody's done it befor:e→
M2,+≈ yea:h→
M1,so: (0.3) sh:e di:d pro:toty:pes::→ ∙hhh like for the nee:dl:e u::::h [/] the needle hol:der:↗
M2,"⌈aha:⌉, ↗"
M1,"+≈ h⌊hh⌋ she did like f:or:ty pro:toty:pes: of that → (0.7) pen:cil a [/] [UNINTELLIGIBLE] [/] she did a pa:per pro:toty:pe, where she"
M2,⌊ [STATIC] ⌋ . ri::ght [STATIC→]
M1,"+≈ and she a:nalyz:ed a:ll the ha:nd mo:vemen:ts, as a function of ∙hhh ergonomicists have this little (.) you kno:w (.) bi:o:metrical ∙hhh so: she:: [/] (0.5) drew:: a:ll the ha:nd movements on the"
M2,mh⌈m⌉ ↗
M1,⌊and⌋ for each prototy:pe that she was [/] we:ll→ ∙hhh for: ea:ch: (0.5) cla:ss: of pro:toty:pe that she was (0.2)
M2,ri::ght ↗
M1,and then she di:d (0.3) u::h [/] paper prototy:pes and took +≈ ∙hhh o:f [/] the:y [/] jus:t [/] ⁎ho:w you would hol:d it⁎with
M2,⌊ri:ght⌋ .
M1,+≈ ru:ler:s and ⁎coordinate⁎°spa:ce⁎so that you could⁎see: [/] you ∙hhh the:n she: di:d pla::sti:c (0.5) pro:toty:pes:→ the:n she did me:tal: pro:toty:pes:→ ∙hhh a::n:d (0.3) she: ha:d the: sur:geon:s:: [/] you know [/] pick ∙hhh⁎and of course the metal prototypes are desi::gned (.) based (0.5) ∙hhh a:nd so the sur:geons: trie:d those ou::t→ and they said hhh yea:h this is grea:t hhh you kno:w hhh le:t's (0.6) ∙hhh so then she goe::s to::- ∙hhh a:: [/] °⁎a [/] a [/] ⁎°manufacturer to a:naly::ze [/] ho:::w
M2,⌈mhm⌉→
M1,"⌊⁎and this⌋ is how they do it⁎ [!] ∙hhh they have mo::lds: (0.3) ⁎and⁎they pou:r the gu:nk into ∙hhh then they (0.2) take it out of mo::lds, and they have the:se ∙hhh an:d bending a:ll the pie:ces by ha::nd→"
M2,(0.3) mhm→
M1,"oka:y, so it's ba:sically a ha::n:d jo:::b ha:ndcra:fte:d→"
M2,⌈mhm⌉→
M1,⌊∙hh⌋hh so she redesi:gns the production: pro:ce:ss:→ ∙hhh to u:s:e strips of metal instea:::d→
M2,⌈mhm⌉ .
M1,"+≈ h⌊hh⌋ that can be be:n:t, (0.5) you know by a machi::ne ra⌈ther"
M2,⌊ri:ght⌋→ ri:ght [!]
M1,(0.4) a::nd uh [/] since she's using cutting strips of metal o:ff→ ⁎you know you can po:lish them and stuff you don't need to:: (0.4) h⌈hh⌉ .
M2,⌊yeah⌋→
M1,⁎so she redesi:gns the whole production pro:ce:ss for each of her ∙hhh a:nd the:n the:y're sort of li::ke [/] the companie:s were ∙hhh and she le:f:t [!] she left Eng:lan:d→
M2,oh: [!]
M1,[NOISE:CLICK] →
M2,(0.4) ⌈hh⌉→
M1,"⌊∙hh⌋h so: you know, she was do:ne° so she ⌈left°⌉ →"
M2,"⌊yea⌋:h, ri:ght→"
M1,"+≈ ⁎and she also did thi:s:, she did thi:s sa:me thi:ng:⁎→ (0.8) for li:ke other domai:n:s:→ ∙hhh she mea:sur::ed (0.9) people's she's from Brazi::l, (0.3) and (0.8) the s:i::z:e, the w[/], (0.2) the [UNINTELLIGIBLE] [/], she did ∙hhh of: five hundred pai:rs of f:ee:t→"
M2,(0.7) o⌈ka⌉:y→
M1,⌊a[/] ⌋ (0.3) and to do thi::s→ ∙hhh she had to desi::gn and bui:l:d hers:e::lf→ ∙hhh her ow:n mea:suring: sta:tion: that had thirty different
M2,+≈ h: hhh hhh [!] (0.6) ∙hh→
M1,+≈ 'ka:y→
M2,+≈ ∙hhh [!]
M1,"+≈ ∙hhh and she also took f:oo:tpri:nts, li:ke you know: o:[/] o:n ∙hhh⁎and she had to desi:gn her o:wn⁎pla:s:tic, (0.3) rubber:"
M2,+≈ ri:ght↗
M1,"+≈ ∙hhh a::nd u::h [/] so she mapped all of tha:t ou::t and she ∙hhh [UNINTELLIGIBLE] then sh:e we:nt to so:m:e [/] (0.3) some fa:ctory: an:d→ ∙hhh°who: [/] °a:nd re:desi::gned the:ir: sh:oe:, (0.2) k[/] you thei:r lea:ther: cutting pro:ce:ss so that they would sa:⌈ve mo:⌉re"
M2,⌊hh⌋ [!]
M1,⁎and they would⁎u:se le:ss: lea:ther:↗ h⌈hh⌉ .
M2,⌊mh⌋⌈m:⌉↗
M1,⌊and⌋ so: that→ ∙hhh ju::nior: lea:ther cu:tter::s wer:e as good as (0.6) ⁎you
M2,+≈ ri:ght ↗
M1,∙hhh⁎and so: now they're using this technique to make their⁎
M2,⌊wo⌋:w [!]
M1,"(0.3) a::nd u:::h⁎she did⁎ (0.3) li:ke, ha:[/] you know (0.2)"
M2,+≈ yea:h [!]
M1,(0.4) °yeah°→ °so it's just°to:tal: she's a total lunati:c [!]
M2,hhh hhh ⌈ hhh⌉ [!]
M1,⌊ba:⌋sicallyshe:'s li::ke→
M2,+≈ h hhh hhh hhh →
M1,(0.4) you know she's her ow:n vertically integrated
M2,⌊yea::h⌋ →
M1,corpora⌈tion⌉→
M2,"⌊ri⌋:ght, yea:h→"
M1,"⁎I don't know if they're going to hire her though but, it was just"
M2,+≈ hh h hhh hhh hhh [!] hhh ∙hhh [!]
M1,∙hhh⁎and she said she has a boo:k⁎ [!]
M2,(0.5) wo:w: [!]
M1,(0.3) °yeah°→
M2,in Brazi::l [!]
M1,⁎u:h no: actually it was writ[/] I don't know what it was written
M2,"⌊o:h, oka:y⌋ ."
M1,+≈ they were already on the [/] the second edition was already out
M2,+≈ aha→
M1,"∙hh°so°→ (0.2) 0 [% sharp click] → (0.6) ⁎°I don't know°I don't know if they're going to hi:re her,"
M2,"yea:h:, ri:ght→"
M1,Janice says hi:→
M2,"(0.5) oh (0.2) h: hhh hhh hi: [!] (0.7) ∙hhh Linda says hi: [!] 0 [% smiling tone to voice, faint laughter] ."
M1,tha:t's goo:d H⌈i: Lin:da:⌉[!]
M2,⌊hh hhh hhh hhh ⌋ (0.2) hhh hhh ∙hhh→ (0.5) actually u:m: (0.2) [CLICKS] I was going to go::: (0.5) to ⁎do you want to talk to Linda for a bit about your [/] poli:c:e⁎↗
M1,su⌈r:e⌉ [!]
M2,⌊pro:b⌋le:m ↗
M1,o:⌈:h yea::h⌉ [!]
M2,"⌊⁎she might actually have⌋ r:[/] u:::h⁎ [/], you know, ref:eren:ce ∙hhh⁎she could point you to or:⁎ (0.4) ⁎find out an answer for⁎ . h⌈hhhh⌉ ."
M1,"⌊o:h that would be good, yea:h⌋ [!]"
M2,+≈ ye:⌈s::⌉→
F1,⌊Canadian⌋ law ↗
M2,"not Canadian la:w American ⁎la:w [UNINTELLIGIBLE]⁎ it's [/] it's [% to F1] [!] ∙hhh here I'll put her o:n, and I'll be ⌈ri⌉ght ba:ck [% to M1] ."
M1,⌊[UNINTELLIGIBLE]⌋→ okay→
M2,+≈ okay hhh → 0 [% staticky] (2.) 0 [% phone clicking noises] .
F1,is this No:r:::m↗
M1,+≈ yea:h hi Linda [!]
F1,"+≈ hi:, how are ⌈hhh⌉ you::: [!]"
M1,"⌊pretty⌋ good, how are you:↗"
F1,+≈ ∙hhh what a surpri:::se [!] goo:⌈:d⌉ [!]
M1,⌊[UNINTELLIGIBLE]⌋→ (0.6) I'm using my: u:h f:ree: ca:ll from the Univer:sity of u:h
F1,o::⌈::h⌉ [!]
M1,⌊⁎did Lee⌋ tell you about that⁎↗
F1,(0.3) we:ll⁎he wrote me a little no::te⁎→
M1,yea:h→
F1,an::d (0.2) I uh [/] I gather that (0.2) it's a: (0.3)
M1,"⌊a⌋ [/] [CLICK] (0.2) yea:h, som:ething:, I thi:nk they're just"
F1,a:h ⌈y⌉ea::h↗
M1,⌊[UNINTELLIGIBLE]⌋-
F1,+≈ ∙hhhhhh how is everything::↗ you have [/] a ↓legal problem↗
M2,∙hhh → ⁎I would rather talk about the baby problem⁎⌈hhh hhh ⌉ .
M1,⌊↑o::h w⌋ell: the baby:'s co⌈ming along: fi:ne⌉ [!]
F1,⌊ hhh hhh ⌋→ ⌈grea::::t⌉ [!]
M1,"⌊he, Janice⌋ says that he ki:cks: a lo::t →"
F1,wo::::⌈:w⌉ [!]
M1,"⌊he tur:⌋ns arou::nd, and a:ll so:rts of stu::ff →"
F1,(0.4) °is i:t°→
M1,+≈ a:n:d u:::h→
F1,+≈ a da:ncer:: ↗ (0.5) m:h [!]
M1,(0.4) wha:t ↗
F1,he's a da:ncer: [!]
M1,"he i:s, yea::h [!] (0.3) yea:h, or a bo:xer or som:ething: [!]"
F1,mhh hhh hhh ⌈ hhh hhh°hhh hhh°⌉→
M1,⌊very a:cti:ve⌋ [!]
F1,h⌈hh⌉h→
M1,⌊°a°⌋→
F1,+≈ that's exci:ting:: [!]
M1,"°yea:h° [!] ⁎so do you want to ta:lk to her do you want to talk to Linda⁎↗ (0.7) 0 [% vague female voice in background] [UNINTELLIGIBLE], ⁎she wants to"
F1,"(0.3) o:h, grea::t [!]"
M1,"okay, hang on→ (2.) [STATIC→]"
F2,hi: how are you::↗
F1,"+≈ Ja:ni:ce, hi:::: [!]"
F2,+≈ what's your e:mai::l [!]
F1,(0.6) o:h [!] I go:t ↗ I got some messages [!] i:t's coo:ps:: [!] ⌈c@l o@l o@l ⌉ p@l s@l→
F2,⌊O:kay⌋→ o:kay: [!]
F1,at pi:tt e@l d@l u@l ↗
F2,oka:y→
F1,+≈ ∙hhh→
F2,+≈ I:'ll try::→
F1,⁎but I [/] ⁎I: hear::d (0.6) your new:::s ↗
F2,∙hhh ⌈yea::h⌉ [!]
F1,⌊second or⌋ thir:d ha:n:d hh ⌈ hhh ⌉ hhh hhh [!]
F2,⌊hh⌋ [!] ⌈∙hhhhh⌉→
F1,⌊∙hhhhh⌋ that's ex:citing:: [!]
F2,yeah: we'r:e very [/] yea::h we'r:e freaked ou:t a little bi:t→ we have (0.2) three and a ha:lf mo:re mo:n:th:s:→
F1,"wo::::w [!] th:a:t's sti:ll no:t, (0.3) very fa:r is ⌈i:t⌉ [!]"
F2,⌊I:⌋ kno:w it's: hh hh ⌈ hhh hhh⌉ [!]
F1,⌊hhh oh ⌋ ma:n [!]
F2,+≈ ∙hhh→
F1,⌈∙hhh⌉-
F2,"⌊I can:'t⌋ believe it [!] I was mis:erabl::e un:til: li::ke→ ∙hhh the la:st couple of wee:ks have been: goo:d, and up unti:l"
F1,physically:→
F2,(0.4) yea::h→
F1,⌈aha:⌉→
F2,"⌊I was rea⌋lly, I had really ba:d morning: sickne:ss →"
F1,"o::h, gee:: [!]"
F2,an::d u::m: then I just had all sorts of a:ches and pai::::ns:
F1,and now you're starting to get past that ⌈(tot)⌉ ↗
F2,"⌊ye::⌋a::h, yea:h but no:w li::ke- [STATIC] ∙hhh I've [/] been [/] the second trimester:'s supposed to (0.5) ∙hhh I'm going in: to the: u:h:→ ∙hhh thir:d tri:mes⌈ter in two: we⌉e::ks [!]"
F1,⌊oh hhh hhh hhh ⌋→
